slug,url_path,meta_title,meta_desc,h1,usecase_name,usecase_desc,business_size,page_type
ats-for-small-business,/ats-for-small-business/,Best ATS for Small Business | SmoothHiring,SmoothHiring helps small business hire without a full HR team. AI-powered ATS built for 1-50 employees. Start free today.,The Best Hiring Software for Small Business,Small Business,hire without a full HR team,1-50 employees,Use Case
ats-for-startups,/ats-for-startups/,Best ATS for Startups | SmoothHiring,SmoothHiring helps startups build your founding team fast. AI-powered ATS built for 1-30 employees. Start free today.,The Best Hiring Software for Startups,Startups,build your founding team fast,1-30 employees,Use Case
ats-for-remote-teams,/ats-for-remote-teams/,Best ATS for Remote Teams | SmoothHiring,"SmoothHiring helps remote teams hire anywhere, manage virtually. AI-powered ATS built for any size. Start free today.",The Best Hiring Software for Remote Teams,Remote Teams,"hire anywhere, manage virtually",any size,Use Case
ats-for-enterprise,/ats-for-enterprise/,Best ATS for Enterprise | SmoothHiring,SmoothHiring helps enterprise scale hiring across departments. AI-powered ATS built for 500+ employees. Start free today.,The Best Hiring Software for Enterprise,Enterprise,scale hiring across departments,500+ employees,Use Case
ats-for-high-volume,/ats-for-high-volume/,Best ATS for High-Volume Hiring | SmoothHiring,SmoothHiring helps high-volume hiring process hundreds of applicants fast. AI-powered ATS built for any size. Start free today.,The Best Hiring Software for High-Volume Hiring,High-Volume Hiring,process hundreds of applicants fast,any size,Use Case
ats-for-hourly-workers,/ats-for-hourly-workers/,Best ATS for Hourly Workers | SmoothHiring,SmoothHiring helps hourly workers hire and onboard shift workers. AI-powered ATS built for any size. Start free today.,The Best Hiring Software for Hourly Workers,Hourly Workers,hire and onboard shift workers,any size,Use Case
ats-for-seasonal-hiring,/ats-for-seasonal-hiring/,Best ATS for Seasonal Hiring | SmoothHiring,SmoothHiring helps seasonal hiring ramp up quickly for peak seasons. AI-powered ATS built for any size. Start free today.,The Best Hiring Software for Seasonal Hiring,Seasonal Hiring,ramp up quickly for peak seasons,any size,Use Case
ats-for-diversity-hiring,/ats-for-diversity-hiring/,Best ATS for Diversity Hiring | SmoothHiring,SmoothHiring helps diversity hiring remove bias and hire inclusively. AI-powered ATS built for any size. Start free today.,The Best Hiring Software for Diversity Hiring,Diversity Hiring,remove bias and hire inclusively,any size,Use Case
ats-for-executive-search,/ats-for-executive-search/,Best ATS for Executive Search | SmoothHiring,SmoothHiring helps executive search identify and hire top leadership. AI-powered ATS built for any size. Start free today.,The Best Hiring Software for Executive Search,Executive Search,identify and hire top leadership,any size,Use Case
ats-for-franchise,/ats-for-franchise/,Best ATS for Franchise Owners | SmoothHiring,SmoothHiring helps franchise owners hire consistently across locations. AI-powered ATS built for multi-location. Start free today.,The Best Hiring Software for Franchise Owners,Franchise Owners,hire consistently across locations,multi-location,Use Case
ats-for-agencies,/ats-for-agencies/,Best ATS for Recruitment Agencies | SmoothHiring,SmoothHiring helps recruitment agencies manage multiple client hiring needs. AI-powered ATS built for agency. Start free today.,The Best Hiring Software for Recruitment Agencies,Recruitment Agencies,manage multiple client hiring needs,agency,Use Case
ats-for-first-hire,/ats-for-first-hire/,Best ATS for First-Time Hirers | SmoothHiring,SmoothHiring helps first-time hirers make your first hire confidently. AI-powered ATS built for solo/micro. Start free today.,The Best Hiring Software for First-Time Hirers,First-Time Hirers,make your first hire confidently,solo/micro,Use Case
